file,operation
anytree.search,findall
anytree.search,findall_by_attr
anytree.search,find
anytree.search,find_by_attr
anytree.search,_find
anytree.search,_findall
anytree.search,_filter_by_name
anytree.render,get
anytree.render,get
anytree.render,_format_row_any
anytree.render,_is_last
anytree.resolver,_getattr
anytree.cachedsearch,_cache
anytree.cachedsearch,decorator
anytree.cachedsearch,wrapped
anytree.cachedsearch,findall
anytree.cachedsearch,findall_by_attr
anytree.cachedsearch,find
anytree.cachedsearch,find_by_attr
anytree.node.util,_repr
anytree.util.__init__,commonancestors
anytree.util.__init__,leftsibling
anytree.util.__init__,rightsibling
anytree.iterators,PreOrderIter
config,ASSERTIONS
config,ASSERTIONS
anytree.exporter.dotexporter,DotExporter
anytree.iterators.preorderiter,PreOrderIter
config,ASSERTIONS
,search
fastcache,clru_cache
fastcache,_cache
functools,wraps
,cachedsearch
,util
iterators,LevelOrderGroupIter
iterators,LevelOrderIter
iterators,PostOrderIter
iterators,PreOrderIter
iterators,ZigZagGroupIter
node,AnyNode
node,LightNodeMixin
node,LoopError
node,Node
node,NodeMixin
node,SymlinkNode
node,SymlinkNodeMixin
node,TreeError
render,AbstractStyle
render,AsciiStyle
render,ContRoundStyle
render,ContStyle
render,DoubleStyle
render,RenderTree
resolver,ChildResolverError
resolver,Resolver
resolver,ResolverError
resolver,RootResolverError
search,CountError
search,find
search,find_by_attr
search,findall
search,findall_by_attr
walker,Walker
walker,WalkError
dictexporter,DictExporter
anytree,PreOrderIter
os,path
os,remove
subprocess,check_call
tempfile,NamedTemporaryFile
anytree,PreOrderIter
dictexporter,DictExporter
dotexporter,DotExporter
dotexporter,UniqueDotExporter
jsonexporter,JsonExporter
mermaidexporter,MermaidExporter
nodemixin,NodeMixin
anytree.config,ASSERTIONS
anytree.iterators,PreOrderIter
exceptions,LoopError
exceptions,TreeError
lightnodemixin,LightNodeMixin
nodemixin,NodeMixin
util,_repr
nodemixin,NodeMixin
util,_repr
anytree.config,ASSERTIONS
anytree.iterators,PreOrderIter
exceptions,LoopError
exceptions,TreeError
symlinknodemixin,SymlinkNodeMixin
util,_repr
anynode,AnyNode
exceptions,LoopError
exceptions,TreeError
lightnodemixin,LightNodeMixin
node,Node
nodemixin,NodeMixin
symlinknode,SymlinkNode
symlinknodemixin,SymlinkNodeMixin
abstractiter,AbstractIter
abstractiter,AbstractIter
abstractiter,AbstractIter
anytree.config,ASSERTIONS
abstractiter,AbstractIter
levelordergroupiter,LevelOrderGroupIter
abstractiter,AbstractIter
levelordergroupiter,LevelOrderGroupIter
levelorderiter,LevelOrderIter
postorderiter,PostOrderIter
preorderiter,PreOrderIter
zigzaggroupiter,ZigZagGroupIter
abstractiter,AbstractIter
anytree,AnyNode
anytree.config,ASSERTIONS
dictimporter,DictImporter
dictimporter,DictImporter
jsonimporter,JsonImporter
anytree.search.CountError,CountError
anytree.render.AbstractStyle,AbstractStyle
anytree.render.AsciiStyle,AsciiStyle
anytree.render.ContStyle,ContStyle
anytree.render.ContRoundStyle,ContRoundStyle
anytree.render.DoubleStyle,DoubleStyle
anytree.render.RenderTree,RenderTree
anytree.walker.Walker,Walker
anytree.walker.WalkError,WalkError
anytree.dotexport.RenderTreeGraph,RenderTreeGraph
anytree.resolver.Resolver,Resolver
anytree.resolver.ResolverError,ResolverError
anytree.resolver.RootResolverError,RootResolverError
anytree.resolver.ChildResolverError,ChildResolverError
anytree.exporter.dictexporter.DictExporter,DictExporter
anytree.exporter.jsonexporter.JsonExporter,JsonExporter
anytree.exporter.mermaidexporter.MermaidExporter,MermaidExporter
anytree.exporter.dotexporter.DotExporter,DotExporter
anytree.exporter.dotexporter.UniqueDotExporter,UniqueDotExporter
anytree.node.exceptions.TreeError,TreeError
anytree.node.exceptions.LoopError,LoopError
anytree.node.symlinknodemixin.SymlinkNodeMixin,SymlinkNodeMixin
anytree.node.nodemixin.NodeMixin,NodeMixin
anytree.node.anynode.AnyNode,AnyNode
anytree.node.node.Node,Node
anytree.node.lightnodemixin.LightNodeMixin,LightNodeMixin
anytree.node.symlinknode.SymlinkNode,SymlinkNode
anytree.iterators.abstractiter.AbstractIter,AbstractIter
anytree.iterators.preorderiter.PreOrderIter,PreOrderIter
anytree.iterators.levelorderiter.LevelOrderIter,LevelOrderIter
anytree.iterators.levelordergroupiter.LevelOrderGroupIter,LevelOrderGroupIter
anytree.iterators.zigzaggroupiter.ZigZagGroupIter,ZigZagGroupIter
anytree.iterators.postorderiter.PostOrderIter,PostOrderIter
anytree.importer.dictimporter.DictImporter,DictImporter
anytree.importer.jsonimporter.JsonImporter,JsonImporter
